{
	"U3":{
		"heis":[{"cx": 29579,"cy": 69870},{"cx": 42369,"cy": 67018},{"cx": 29152,"cy": 37774}]
		},
	"U2":{
		"heis":[{"cx": 29579,"cy": 69870},{"cx": 42369,"cy": 67018},{"cx": 29152,"cy": 37774}]
		},
	"U1":{
		"heis":[{"cx": 29579,"cy": 69870},{"cx": 42369,"cy": 67018},{"cx": 29152,"cy": 37774}]
		},
	"1":{
		"toalett":[{"cx": 34096, "cy": 63759}],
		"heis":[{"cx": 29579,"cy": 69870},{"cx": 42369,"cy": 67018},{"cx": 29152,"cy": 37774}],
		"toalett_hc":[{"cx": 17458,    "cy": 47507}],
		"hc":[{"cx": 27381, "cy": 60513},{"cx": 36056, "cy": 69472}]
		},
	"2":{
		"heis":[{"cx": 29579,"cy": 69870},{"cx": 42369,"cy": 67018}],
		"toalett_hc":[{"cx": 29630,"cy": 62761}],
		"toalett":[{"cx": 28691,"cy": 54377}]
		},
	"3":{
		"toalett":[{"cx": 49655,"cy": 56365},{"cx": 27026,"cy": 54586}],
		"heis":[{"cx": 29579,"cy": 69870}],
		"toalett_hc":[{"cx": 36836,"cy": 81634}]
		},
	"4":{
		"toalett":[{"cx": 49655,"cy": 56365},{"cx": 27026,"cy": 54586}],
		"heis":[{"cx": 29579,"cy": 69870}],
		"toalett_hc":[{"cx": 36836,"cy": 81634}]
		},
	"5":{
		"toalett":[{"cx": 49655,"cy": 56365},{"cx": 27026,"cy": 54586}],
		"heis":[{"cx": 29579,"cy": 69870}],
		"toalett_hc":[{"cx": 36836,"cy": 81634}]
		},	
	"6":{
		"toalett":[{"cx": 49655,"cy": 56365},{"cx": 27026,"cy": 54586}],
		"heis":[{"cx": 29579,"cy": 69870}],
		"toalett_hc":[{"cx": 36836,"cy": 81634}]
		},
	"7":{
		"toalett":[{"cx": 30667,"cy": 74008},{"cx": 43081,"cy": 70356}],
		"heis":[{"cx": 29579,"cy": 69870}],
		"toalett_hc":[{"cx": 36836,"cy": 81634}]
		}
		
	}